"StartDate","EndDate","Status","IPAddress","Progress","Duration (in seconds)","Finished","RecordedDate","ResponseId","RecipientLastName","RecipientFirstName","RecipientEmail","ExternalReference","LocationLatitude","LocationLongitude","DistributionChannel","UserLanguage","ID","DAILY.EVENT","RELATION...20","CLOSENESS_1...21","PART.OF.THE.DAY...22","LOCATION...23","EVENT.DISCRIPTION...24","Q12_1","Q12_2","Q12_3","Q12_4","Q12_5","Q12_6","Q12_7","Q12_8","RELATION...33","CLOSENESS_1...34","PART.OF.THE.DAY...35","LOCATION...36","EVENT.DISCRIPTION...37","Q18_1","Q18_2","Q18_3","Q18_4","Q18_5","Q18_6","Q18_7","Q18_8","PART.OF.THE.DAY...46","LOCATION...47","EVENT.DISCRIPTION...48","Q2_1","Q2_2","Q2_3","Q2_4","Q2_5","Q2_6","Q2_7","Q2_8","Q2_9","Q2_10","Q2_11","Q2_12","Q2_13","Q2_14","SCREEN.TIME","Negative_Total","Positive_Total","NoExposure_Total"
"6/18/2023 9:14","6/18/2023 9:17","0","109.186.48.179","100","175","1","6/18/2023 9:17","R_1mw32xOhnqvg9jK",NA,NA,NA,NA,"32.0803","34.7805","anonymous","HE","7175","1,2","5","1","3","ברחוב","ראיתי אישה הולכת תוך כדי שיחה בפלאפון ובוכה. הילדים שלה היו איתה אז לא ידעתי אם להתערב",5,5,5,5,2,1,5,1,NA,NA,NA,NA,NA,NA,NA,NA,NA,NA,NA,NA,NA,NA,NA,NA,NA,NA,NA,NA,NA,NA,NA,NA,NA,NA,NA,NA,NA,NA,"1",3.857142857142857,NA,NA
"6/18/2023 9:17","6/18/2023 9:20","0","104.28.60.70","100","172","1","6/18/2023 9:20","R_b16TogdHMJJloS5",NA,NA,NA,NA,"32.0803","34.7805","anonymous","HE","1441","2",NA,NA,NA,NA,NA,NA,NA,NA,NA,NA,NA,NA,NA,"5","1","2","קמפוס","מישהו סיפר שהוא חלם חלום ממש טוב בלילה",1,1,4,1,2,4,1,1,NA,NA,NA,NA,NA,NA,NA,NA,NA,NA,NA,NA,NA,NA,NA,NA,NA,"3",NA,1.8571428571428572,NA
"6/18/2023 9:18","6/18/2023 9:20","0","185.167.108.38","100","131","1","6/18/2023 9:20","R_2AKIXdL88Xxrb5a",NA,NA,NA,NA,"32.0803","34.7805","anonymous","HE","773","1,2","1","3","1","בזום","אני וחבר למדנו יחד למבחן הקרוב שיש לנו בסטטיסטיקה. תחילה שנינו היינו המומים ועם כמות התרגילים שעברו עלה לשנינו הבטחון. הוא לרגע אפילו הרגיש יהיר (ציין זאת בעצמו) עם תחושת ההצלחה אבל מהר מאוד ״נחת״.",1,1,1,1,2,1,2,1,NA,NA,NA,NA,NA,NA,NA,NA,NA,NA,NA,NA,NA,NA,NA,NA,NA,NA,NA,NA,NA,NA,NA,NA,NA,NA,NA,NA,NA,NA,"3",1.1428571428571428,NA,NA
"6/18/2023 9:20","6/18/2023 9:23","0","2.53.160.86","100","146","1","6/18/2023 9:23","R_AMS3WkAJ6FpPtWF",NA,NA,NA,NA,"32.0803","34.7805","anonymous","HE","3850","2",NA,NA,NA,NA,NA,NA,NA,NA,NA,NA,NA,NA,NA,"3","5","2","בבית","קורבת משפחה הלכה לאולטרסאונד וגילתה שהכל כמו שצריך",1,4,1,2,2,3,4,2,NA,NA,NA,NA,NA,NA,NA,NA,NA,NA,NA,NA,NA,NA,NA,NA,NA,"2",NA,2.4285714285714284,NA
"6/18/2023 9:33","6/18/2023 9:34","0","109.253.214.56","100","92","1","6/18/2023 9:34","R_elgl3JN7UZ1upWh",NA,NA,NA,NA,"32.0123","34.7705","anonymous","HE","1880","1,2","2","5","2","מרכז","לחץ ואי ידיעה איפה רוצה לבחור לגור",4,2,4,3,2,4,4,3,NA,NA,NA,NA,NA,NA,NA,NA,NA,NA,NA,NA,NA,NA,NA,NA,NA,NA,NA,NA,NA,NA,NA,NA,NA,NA,NA,NA,NA,NA,"1",3.4285714285714284,NA,NA
"6/18/2023 9:32","6/18/2023 9:40","0","188.64.206.73","100","442","1","6/18/2023 9:40","R_2wtr5dLLwYRBs1b",NA,NA,NA,NA,"32.0803","34.7805","anonymous","HE","3983","3",NA,NA,NA,NA,NA,NA,NA,NA,NA,NA,NA,NA,NA,NA,NA,NA,NA,NA,NA,NA,NA,NA,NA,NA,NA,NA,"2","חולון","אחרי הרבה שנים הגשמתי חלום וקניתי אקדח. אין יותר מדי מה לתאר, פשוט אירוע משמעותי.",4,4,4,4,2,4,5,4,4,4,4,4,5,4,"3",NA,NA,4
"6/18/2023 9:31","6/18/2023 9:45","0","132.70.66.11","100","873","1","6/18/2023 9:45","R_1QuPwvOm4if5EuO",NA,NA,NA,NA,"32.0759","34.8215","anonymous","HE","4380","1","3","5","1","בבית שלה","אחותי בקשר עם בחור אוסטרלי וכתוצאה משיחה שלהם והתנהלות מרוחקת בקשר היא חוותה התקף חרדה. לדעתי היא הרגישה ממש חסרת אונים, מתוסכלת ועצובה.",3,4,3,3,2,2,3,1,NA,NA,NA,NA,NA,NA,NA,NA,NA,NA,NA,NA,NA,NA,NA,NA,NA,NA,NA,NA,NA,NA,NA,NA,NA,NA,NA,NA,NA,NA,"2",2.7142857142857144,NA,NA
"6/18/2023 9:40","6/18/2023 9:45","0","147.235.198.174","100","312","1","6/18/2023 9:45","R_Z47tBTr1a8xDh5L",NA,NA,NA,NA,"31.7674","35.2186","anonymous","HE","3756","1,2","5","1","2","בית וגן","אדם איבד את הקבלה לקנייה שקנה אז הוא היה צריך לשלם שוב. הוא בטח כעס על עצמו שהוא לא מרוכז, והיה מתוסכל.",4,2,1,1,2,1,2,1,NA,NA,NA,NA,NA,NA,NA,NA,NA,NA,NA,NA,NA,NA,NA,NA,NA,NA,NA,NA,NA,NA,NA,NA,NA,NA,NA,NA,NA,NA,"2",1.7142857142857142,NA,NA
"6/18/2023 9:47","6/18/2023 9:48","0","85.65.112.167","100","85","1","6/18/2023 9:49","R_3OqpjaBqsXzLSXZ",NA,NA,NA,NA,"31.8964","35.0162","anonymous","HE","2567","1","1","3","2","אוניברסיטה","חסרה איבדה את הפלאפון",NA,NA,NA,NA,NA,NA,NA,NA,NA,NA,NA,NA,NA,NA,NA,NA,NA,NA,NA,NA,NA,NA,NA,NA,NA,NA,NA,NA,NA,NA,NA,NA,NA,NA,NA,NA,NA,NA,NA,NA,NA,NA
"6/18/2023 9:48","6/18/2023 9:51","0","95.86.95.14","100","158","1","6/18/2023 9:51","R_1OoxnRsiBtya6Nw",NA,NA,NA,NA,"31.7674","35.2186","anonymous","HE","2823","1,2","3","2","3","בבית","אחותי חזרה מבואסת מעומס משימות,",NA,NA,NA,NA,NA,NA,NA,NA,NA,NA,NA,NA,NA,NA,NA,NA,NA,NA,NA,NA,NA,NA,NA,NA,NA,NA,NA,NA,NA,NA,NA,NA,NA,NA,NA,NA,NA,NA,NA,NA,NA,NA
"6/18/2023 9:51","6/18/2023 9:54","0","2.54.176.5","100","174","1","6/18/2023 9:54","R_1LHWq12Vw0JLv2O",NA,NA,NA,NA,"32.0803","34.7805","anonymous","HE","2460","2",NA,NA,NA,NA,NA,NA,NA,NA,NA,NA,NA,NA,NA,"2","5","1","בבית ספר לצרכים מיוחדים","היא העבירה שיעור בפעם הראשונה לילדים עם צרכים מיוחדים. הרגישה הצלחה, שהיא הייתה נוכחת ונהנתה",4,4,1,3,2,1,4,4,NA,NA,NA,NA,NA,NA,NA,NA,NA,NA,NA,NA,NA,NA,NA,NA,NA,"2",NA,3,NA
"6/18/2023 9:54","6/18/2023 9:58","0","147.235.199.188","100","198","1","6/18/2023 9:58","R_2rpEpqdj96Tiysb",NA,NA,NA,NA,"31.7674","35.2186","anonymous","HE","7302","3",NA,NA,NA,NA,NA,NA,NA,NA,NA,NA,NA,NA,NA,NA,NA,NA,NA,NA,NA,NA,NA,NA,NA,NA,NA,NA,"4","לא הרגשתי טוב הייתי לבד בבית","דפקתי שנצ של איזה 4 שעות וזה עזר לי להרגיש קצת יותר טוב",1,1,1,1,1,1,5,1,1,1,1,1,1,1,"2",NA,NA,1.2857142857142858
"6/18/2023 10:05","6/18/2023 10:08","0","2.54.68.181","100","198","1","6/18/2023 10:08","R_2V2b3w1HPQiaonR",NA,NA,NA,NA,"32.0803","34.7805","anonymous","HE","9790","1,2","3","5","2","בבית","אח שלי הקטן בן הארבע רצה מאוד לאכול משהו מסוים שאח שלי הגדול אכל לפני. לא נשאר מה שהוא רצה, והוא נשכב על הרצפה וברכה ולא הסכים לקבל את זה שאין. לדעתי הוא הרגיש תסכול שמישהו אחר קיבל והוא לא יכול לקבל, וכעס על כך שלא מביאים לו מה שהוא רוצה",2,2,2,2,2,2,2,1,NA,NA,NA,NA,NA,NA,NA,NA,NA,NA,NA,NA,NA,NA,NA,NA,NA,NA,NA,NA,NA,NA,NA,NA,NA,NA,NA,NA,NA,NA,"2",1.8571428571428572,NA,NA
"6/18/2023 10:13","6/18/2023 10:15","0","77.125.24.219","100","121","1","6/18/2023 10:15","R_22lzsrxYXGAxDOT",NA,NA,NA,NA,"31.9995","34.9482","anonymous","HE","1161","1,2","2","5","2","בטלפון","הרגיש לחץ ממבחנים ומשבר האם הוא יצליח להשיג את מה שהוא רוצה.",NA,NA,NA,NA,NA,NA,NA,NA,NA,NA,NA,NA,NA,NA,NA,NA,NA,NA,NA,NA,NA,NA,NA,NA,NA,NA,NA,NA,NA,NA,NA,NA,NA,NA,NA,NA,NA,NA,NA,NA,NA,NA
"6/18/2023 10:19","6/18/2023 10:22","0","147.235.198.111","100","211","1","6/18/2023 10:22","R_1F3YaBAYoMgLw4P",NA,NA,NA,NA,"32.0803","34.7805","anonymous","HE","2654","3",NA,NA,NA,NA,NA,NA,NA,NA,NA,NA,NA,NA,NA,NA,NA,NA,NA,NA,NA,NA,NA,NA,NA,NA,NA,NA,"4","בבית","חברים שלי התחתנו השבוע וליווינו אותם והם שלחו תודות לכולם וזה היה מאוד מרגש ומשמעותי בשבילי",4,3,4,5,5,4,4,3,3,3,4,3,4,4,"1",NA,NA,3.7857142857142856
"6/18/2023 11:03","6/18/2023 11:07","0","147.235.220.47","100","251","1","6/18/2023 11:07","R_tMXNkU0ldf9iO3v",NA,NA,NA,NA,"31.9642","34.7876","anonymous","HE","4401","2",NA,NA,NA,NA,NA,NA,NA,NA,NA,NA,NA,NA,NA,"3","5","2","בבית של אחותי","היא קיבלה הודעה שזכתה בהגרלה מסוימת והייתה שמחה מאוד ועם אנרגיה מחודשת ומוטיבציה לתכנן דברים שקשורים להגרלה הזו.",3,5,1,2,2,1,4,3,NA,NA,NA,NA,NA,NA,NA,NA,NA,NA,NA,NA,NA,NA,NA,NA,NA,"2",NA,2.7142857142857144,NA
"6/18/2023 11:39","6/18/2023 11:42","0","79.180.53.93","100","178","1","6/18/2023 11:42","R_2CqUsIvqZyv3V4R",NA,NA,NA,NA,"32.0803","34.7805","anonymous","HE","9345","1","2","5","1","בבית","התעוררות עם דלקת ביד מה שגרם לקושי בהזזה של היד ולכן היא הרגישה לחץ ודאגה לדעתי",4,5,3,5,2,1,4,2,NA,NA,NA,NA,NA,NA,NA,NA,NA,NA,NA,NA,NA,NA,NA,NA,NA,NA,NA,NA,NA,NA,NA,NA,NA,NA,NA,NA,NA,NA,"3",3.4285714285714284,NA,NA
"6/18/2023 13:13","6/18/2023 13:15","0","77.137.64.12","100","131","1","6/18/2023 13:15","R_3gR5qKjykeB4wKD",NA,NA,NA,NA,"32.0803","34.7805","anonymous","HE","7225","1","1","4","2","מחוץ לבית שלו","גילה שמישהו הפיל לו את האופנוע, ונשבר לי הפנס. הוא חווה תסכול וכעס, בעיקר לאור העובדה שלא השאירו פרטים.",4,4,2,2,2,3,3,3,NA,NA,NA,NA,NA,NA,NA,NA,NA,NA,NA,NA,NA,NA,NA,NA,NA,NA,NA,NA,NA,NA,NA,NA,NA,NA,NA,NA,NA,NA,"2",3,NA,NA
"6/18/2023 13:28","6/18/2023 13:32","0","147.235.199.64","100","272","1","6/18/2023 13:32","R_2c8eNXr8fK6vkTx",NA,NA,NA,NA,"32.0803","34.7805","anonymous","HE","5695","2",NA,NA,NA,NA,NA,NA,NA,NA,NA,NA,NA,NA,NA,"1","4","3","בדירת שותפות","חברה שלי יצאה עם מישהו לדייט ראשון והייתה לה חוויה ממש טובה והיא סיפרה לי על זה.",NA,NA,NA,NA,NA,NA,NA,NA,NA,NA,NA,NA,NA,NA,NA,NA,NA,NA,NA,NA,NA,NA,NA,NA,NA,NA,NA,NA,NA
"6/18/2023 14:48","6/18/2023 14:52","0","77.125.228.199","100","222","1","6/18/2023 14:52","R_1Qs91Yn6VrFpFOS",NA,NA,NA,NA,"32.0123","34.7705","anonymous","HE","8342","3",NA,NA,NA,NA,NA,NA,NA,NA,NA,NA,NA,NA,NA,NA,NA,NA,NA,NA,NA,NA,NA,NA,NA,NA,NA,NA,"3","בסלון שלי","חיפשתי צמיד שסבתא שלי הביאה לי כמתנה שנאבד לי ולא מצאתי אותו תקופה ארוכה של כמה חודשים, חיפשתי אותו הרבה זמן אבל התייאשתי ובשבועות האחרונים חיפשתי אותו משמעותית פחות, למרות שהרגשתי עצובה מזה שאיבדתי אותו. היום החלטתי לחפש שוב ומצאתי אותו סופסוף.",4,4,3,4,4,3,3,2,4,2,4,3,4,2,"2",NA,NA,3.2857142857142856
"6/18/2023 17:03","6/18/2023 17:05","0","147.235.196.117","100","117","1","6/18/2023 17:05","R_2yeZKwx2jrK5sl9",NA,NA,NA,NA,"32.0803","34.7805","anonymous","HE","5477","2",NA,NA,NA,NA,NA,NA,NA,NA,NA,NA,NA,NA,NA,"1","5","2","בכנרת","חברה יצאה לטיול מהעבודה שלה בכנרת והיה לה ממש טוב וקילה הערכה רבה מהצוות שלה. היא שמחה מזה מאודד וזזה נתן לה להרגיש שהיא משמעותית בעבודה",4,4,2,3,2,2,4,2,NA,NA,NA,NA,NA,NA,NA,NA,NA,NA,NA,NA,NA,NA,NA,NA,NA,"2",NA,3,NA
"6/19/2023 3:54","6/19/2023 3:55","0","132.70.66.9","100","72","1","6/19/2023 3:55","R_3lExZuYZhOHnfOh",NA,NA,NA,NA,"32.0759","34.8215","anonymous","HE","773","2",NA,NA,NA,NA,NA,NA,NA,NA,NA,NA,NA,NA,NA,"1","4","1","בדירה","שותפה שלי הצליחה בהגשה שלה לתואר וקיבלה פידבק חיובי מהמרצה",2,3,1,1,2,2,3,1,NA,NA,NA,NA,NA,NA,NA,NA,NA,NA,NA,NA,NA,NA,NA,NA,NA,"2",NA,1.8571428571428572,NA
"6/19/2023 3:53","6/19/2023 3:55","0","77.137.64.12","100","120","1","6/19/2023 3:55","R_1MLJhaQXB64olyz",NA,NA,NA,NA,"32.0803","34.7805","anonymous","HE","7225","2",NA,NA,NA,NA,NA,NA,NA,NA,NA,NA,NA,NA,NA,"1","5","1","בית חולים","לחבר טוב שלי נולד אחיין ראשון.",NA,NA,NA,NA,NA,NA,NA,NA,NA,NA,NA,NA,NA,NA,NA,NA,NA,NA,NA,NA,NA,NA,NA,NA,NA,NA,NA,NA,NA
"6/19/2023 3:54","6/19/2023 3:56","0","132.70.66.13","100","131","1","6/19/2023 3:56","R_1DJeTksH3zHeeBD",NA,NA,NA,NA,"32.0759","34.8215","anonymous","HE","7175","2",NA,NA,NA,NA,NA,NA,NA,NA,NA,NA,NA,NA,NA,"1","5","1","בקמפוס","אחרי סמסטר שלם סיימנו ללמוד קורס שהיה מאוד קשה לחברתי",5,4,1,1,2,2,4,1,NA,NA,NA,NA,NA,NA,NA,NA,NA,NA,NA,NA,NA,NA,NA,NA,NA,"1",NA,2.5714285714285716,NA
"6/19/2023 3:59","6/19/2023 4:00","0","2.54.52.140","100","97","1","6/19/2023 4:00","R_3exXXVJx3NbXUvQ",NA,NA,NA,NA,"32.0803","34.7805","anonymous","HE","2460","1","4","2","1","במכון כושר","המאמן שלי גילה שנשבר לו אחד המכשירים בחדר כושר וניסה לתקן אותו בעזרת שיפצור",4,2,3,1,2,2,2,2,NA,NA,NA,NA,NA,NA,NA,NA,NA,NA,NA,NA,NA,NA,NA,NA,NA,NA,NA,NA,NA,NA,NA,NA,NA,NA,NA,NA,NA,NA,"1",2.2857142857142856,NA,NA
"6/19/2023 4:06","6/19/2023 4:08","0","132.70.66.13","100","156","1","6/19/2023 4:08","R_W0zkHBoQn5uRXGh",NA,NA,NA,NA,"32.0759","34.8215","anonymous","HE","7302","2",NA,NA,NA,NA,NA,NA,NA,NA,NA,NA,NA,NA,NA,"1","4","1","ים המלח","חבר שלה הציע לה נישואין .. לדעתי היא הייתה שמחה , התלהבה, קצת שוקיסטית ומאוד אמוציונלית",3,5,2,5,2,1,5,3,NA,NA,NA,NA,NA,NA,NA,NA,NA,NA,NA,NA,NA,NA,NA,NA,NA,"2",NA,3.4285714285714284,NA
"6/19/2023 4:26","6/19/2023 4:30","0","147.235.198.174","100","233","1","6/19/2023 4:30","R_2OU9JniGef6y4yV",NA,NA,NA,NA,"31.7674","35.2186","anonymous","HE","3756","2",NA,NA,NA,NA,NA,NA,NA,NA,NA,NA,NA,NA,NA,"3","3","1","בבית","למד שיעור פרטי. קיבל פידבק חיובי על המאמצים שלו.המשיך להתאמן זמן רב אחרי השיעור. הרגיש טוב עם עצמו.",4,2,1,4,2,4,2,1,NA,NA,NA,NA,NA,NA,NA,NA,NA,NA,NA,NA,NA,NA,NA,NA,NA,"3",NA,2.5714285714285716,NA
"6/19/2023 4:29","6/19/2023 4:33","0","104.28.60.70","100","216","1","6/19/2023 4:33","R_3Q0mGqXfJyPu7Lu",NA,NA,NA,NA,"32.0803","34.7805","anonymous","HE","1441","3",NA,NA,NA,NA,NA,NA,NA,NA,NA,NA,NA,NA,NA,NA,NA,NA,NA,NA,NA,NA,NA,NA,NA,NA,NA,NA,"1","בבית","הזמנתי מראה שמאוד רציתי",3,4,1,1,1,1,2,1,1,2,1,1,1,1,"2",NA,NA,1.5
"6/19/2023 5:00","6/19/2023 5:06","0","109.253.197.174","100","377","1","6/19/2023 5:06","R_2fINOpYAhrRO8ye",NA,NA,NA,NA,"32.0803","34.7805","anonymous","HE","2823","1,2","1","4","1","שיעור","תסכול שלא מצליח לפתור את התרגילים.",NA,NA,NA,NA,NA,NA,NA,NA,NA,NA,NA,NA,NA,NA,NA,NA,NA,NA,NA,NA,NA,NA,NA,NA,NA,NA,NA,NA,NA,NA,NA,NA,NA,NA,NA,NA,NA,NA,NA,NA,NA,NA
"6/19/2023 5:06","6/19/2023 5:08","0","141.226.57.28","100","126","1","6/19/2023 5:08","R_2tnIhmtjPJaOgqV",NA,NA,NA,NA,"32.0803","34.7805","anonymous","HE","8907","1","5","1","2","אוניברסיטה","מישהי נכנסה ללחץ לפני התקופת מבחנים. היא הרגישה לחץ ובחוסר שליטה לדעתי",4,3,3,2,2,4,2,3,NA,NA,NA,NA,NA,NA,NA,NA,NA,NA,NA,NA,NA,NA,NA,NA,NA,NA,NA,NA,NA,NA,NA,NA,NA,NA,NA,NA,NA,NA,"2",3,NA,NA
"6/19/2023 5:08","6/19/2023 5:15","0","141.226.57.28","100","427","1","6/19/2023 5:15","R_wQV2fniwDyTIeIh",NA,NA,NA,NA,"32.0803","34.7805","anonymous","HE","8907","3",NA,NA,NA,NA,NA,NA,NA,NA,NA,NA,NA,NA,NA,NA,NA,NA,NA,NA,NA,NA,NA,NA,NA,NA,NA,NA,"1","בים","החניך שהשקעתי בגלישה תפס גל מדהים אחרי שהוא פקפק בעצמו",4,5,4,4,4,3,3,3,4,5,3,4,4,4,"1",NA,NA,3.857142857142857
"6/19/2023 5:19","6/19/2023 5:23","0","132.70.66.12","100","197","1","6/19/2023 5:23","R_bpvjBtMzeDnkwxj",NA,NA,NA,NA,"32.0759","34.8215","anonymous","HE","2654","1","1","4","2","באוניברסיטה","חברה שלי לחוצה מהמבחנים הקרבים בסמסטר ב' לדעתי היא הרגישה מיואשת וחסרת כוח.",4,5,4,4,2,1,3,4,NA,NA,NA,NA,NA,NA,NA,NA,NA,NA,NA,NA,NA,NA,NA,NA,NA,NA,NA,NA,NA,NA,NA,NA,NA,NA,NA,NA,NA,NA,"1",3.5714285714285716,NA,NA
"6/19/2023 5:50","6/19/2023 5:52","0","217.175.86.94","100","91","1","6/19/2023 5:52","R_D7bSYrc3MNdelPj",NA,NA,NA,NA,"31.7674","35.2186","anonymous","HE","3983","2",NA,NA,NA,NA,NA,NA,NA,NA,NA,NA,NA,NA,NA,"4","2","2","במשרד","הגיעה אלינו מתמחה חדשה ועשינו איתה שיחת פתיחה. לדעתי היא חווה התרגשות ותחושת סיפוק מהעובדה שהתקבלה לעבוד במשרד נחשב.",3,3,1,1,2,3,1,1,NA,NA,NA,NA,NA,NA,NA,NA,NA,NA,NA,NA,NA,NA,NA,NA,NA,"2",NA,1.8571428571428572,NA
"6/19/2023 5:49","6/19/2023 5:52","0","147.235.208.77","100","231","1","6/19/2023 5:52","R_2UXCQ9L5yUl84IW",NA,NA,NA,NA,"31.9642","34.7876","anonymous","HE","4401","1","1","4","2","בשיחת טלפון","הייתה ביום חשיפה לקבלת תואר שני והייתה צריכה להציג את עצמה ליד מועמדים אחרים למסלול. היא הרגישה לחוצה ולדעתי גם חסרת ביטחון.",3,2,5,2,2,1,3,3,NA,NA,NA,NA,NA,NA,NA,NA,NA,NA,NA,NA,NA,NA,NA,NA,NA,NA,NA,NA,NA,NA,NA,NA,NA,NA,NA,NA,NA,NA,"2",2.7142857142857144,NA,NA
"6/19/2023 5:55","6/19/2023 5:56","0","77.125.24.219","100","106","1","6/19/2023 5:56","R_25t2H8IeFTNBEnA",NA,NA,NA,NA,"31.9995","34.9482","anonymous","HE","1161","1","1","5","2","בבית של חברה","גילתה שלא הורידו לה חומר שחשבה שיורידו והציפו אותם בעבודות והרגישה תסכול, שיהיה לה מאוד קשה לצמצם את הפער והוריד לה את המוטיבציה",4,4,2,3,2,2,3,2,NA,NA,NA,NA,NA,NA,NA,NA,NA,NA,NA,NA,NA,NA,NA,NA,NA,NA,NA,NA,NA,NA,NA,NA,NA,NA,NA,NA,NA,NA,"2",2.857142857142857,NA,NA
"6/19/2023 6:03","6/19/2023 6:07","0","212.116.162.40","100","193","1","6/19/2023 6:07","R_27kDw6wiMTOFktU",NA,NA,NA,NA,"32.0759","34.8215","anonymous","HE","9790","2",NA,NA,NA,NA,NA,NA,NA,NA,NA,NA,NA,NA,NA,"1","5","2","באוטובוס","דיברתי עם חברה טובה שלי שמתחתנת מחר. היא ספרה לי שהיא נורא מתרגשת, וגם קצת לחוצה. ושיש מלא התרגשות שקשה להכיל. אני חושבת שהיא מרגישה מוצפת ועם מלאת תקוות וציפייה למחר",4,5,3,5,2,1,5,3,NA,NA,NA,NA,NA,NA,NA,NA,NA,NA,NA,NA,NA,NA,NA,NA,NA,"2",NA,3.7142857142857144,NA
"6/19/2023 7:06","6/19/2023 7:10","0","132.70.66.13","100","191","1","6/19/2023 7:10","R_3lFuLmE2tm7xvGv",NA,NA,NA,NA,"32.0759","34.8215","anonymous","HE","8342","2",NA,NA,NA,NA,NA,NA,NA,NA,NA,NA,NA,NA,NA,"3","5","2","בבית","אח שלי קיבל ציון גבוה במבחן באנגלית שאליו למד, לדעתי הוא הרגיש שמח כי הוא חשב שלא יקבל ציון גבוה ויצא מהמבחן חסר ביטחון",4,3,2,2,2,2,2,2,NA,NA,NA,NA,NA,NA,NA,NA,NA,NA,NA,NA,NA,NA,NA,NA,NA,"2",NA,2.4285714285714284,NA
"6/19/2023 8:53","6/19/2023 8:59","0","147.235.198.96","100","398","1","6/19/2023 8:59","R_3EEEXWWo7GjUyPU",NA,NA,NA,NA,"32.0803","34.7805","anonymous","HE","9345","3",NA,NA,NA,NA,NA,NA,NA,NA,NA,NA,NA,NA,NA,NA,NA,NA,NA,NA,NA,NA,NA,NA,NA,NA,NA,NA,"1","לא היה אירוע היום","זום אז לא התרחשו אירועים",2,4,4,3,4,2,3,3,4,1,4,3,4,2,"3",NA,NA,3.0714285714285716
"6/19/2023 3:57","6/19/2023 9:16","0","2.54.63.107","100","19109","1","6/19/2023 9:16","R_2arS7XEaKPqBLQT",NA,NA,NA,NA,"32.0803","34.7805","anonymous","HE","3850","2",NA,NA,NA,NA,NA,NA,NA,NA,NA,NA,NA,NA,NA,"4","2","1","בכלביה","אחד המנדבים בכלביה ניסה לארגן פרוייקט והפרוייטק עבד והוא שמח",4,3,1,2,2,1,4,1,NA,NA,NA,NA,NA,NA,NA,NA,NA,NA,NA,NA,NA,NA,NA,NA,NA,"2",NA,2.2857142857142856,NA
"6/19/2023 11:21","6/19/2023 11:23","0","188.64.206.140","100","102","1","6/19/2023 11:23","R_UEGlf1ht4xzaiRz",NA,NA,NA,NA,"32.0803","34.7805","anonymous","HE","5477","1","1","4","2","באוניברסיטה","יש לי שתי חברות מהלימודים שרבו בינהן והיום אחת מהן העירה הערה עוקצנית לשנייה. דבר שממש עיצבן אותה והיא התאפקה לא לענות אבל כל היום שלה נהרס בעקבות זה. היא הרגישה פגועה עצבנית ובעיקר מתוסכלת כי זה היה דבר שחזר על עצמו",4,5,5,5,2,1,5,4,NA,NA,NA,NA,NA,NA,NA,NA,NA,NA,NA,NA,NA,NA,NA,NA,NA,NA,NA,NA,NA,NA,NA,NA,NA,NA,NA,NA,NA,NA,"2",4.142857142857143,NA,NA
"6/19/2023 11:47","6/19/2023 11:55","0","2.54.163.134","100","462","1","6/19/2023 11:55","R_1DSAnuIsKoAhsom",NA,NA,NA,NA,"32.0803","34.7805","anonymous","HE","2567","1","5","1","1","בתחנת אוטובוס מול האוניברסיטה","אישה מבוגרת מעדה, אני הגעתי כמה שהיות אחרי שזה קרה אבל ראו עליה שהיא מבוהלת",5,5,4,4,2,1,4,1,NA,NA,NA,NA,NA,NA,NA,NA,NA,NA,NA,NA,NA,NA,NA,NA,NA,NA,NA,NA,NA,NA,NA,NA,NA,NA,NA,NA,NA,NA,"3",3.4285714285714284,NA,NA
"6/19/2023 14:16","6/19/2023 14:17","0","176.12.177.53","100","57","1","6/19/2023 14:17","R_T6HhTAWSPW7L2VP",NA,NA,NA,NA,"31.9642","34.7876","anonymous","HE","1880","2",NA,NA,NA,NA,NA,NA,NA,NA,NA,NA,NA,NA,NA,"1","4","2","בית שלה","יום החתונה שלה היא הייתה בסערת רגשות",1,3,3,3,2,3,3,2,NA,NA,NA,NA,NA,NA,NA,NA,NA,NA,NA,NA,NA,NA,NA,NA,NA,"1",NA,2.5714285714285716,NA
"6/19/2023 14:58","6/19/2023 15:01","0","77.137.65.141","100","190","1","6/19/2023 15:01","R_SW7hFs2FLwJ8GoV",NA,NA,NA,NA,"31.5","34.75","anonymous","HE","4380","1","1","4","2","בבית שלה. (בהודעות וואצפ בפועל)","חברה שלי דיברה עם מישהו שיצאה איתו בעקבות סיטואציה לא נעימה שהייתה איתו אתמול. הרגישה צורך לכתוב לו על זה ואני חושבת שהרגישה כעס, תסכול, חוסר אונים, אי ודאות.",4,4,2,3,2,3,3,1,NA,NA,NA,NA,NA,NA,NA,NA,NA,NA,NA,NA,NA,NA,NA,NA,NA,NA,NA,NA,NA,NA,NA,NA,NA,NA,NA,NA,NA,NA,"3",2.857142857142857,NA,NA
"6/20/2023 2:20","6/20/2023 2:23","0","109.253.199.108","100","152","1","6/20/2023 2:23","R_2f3ESn3ygMssf9H",NA,NA,NA,NA,"32.0803","34.7805","anonymous","HE","5695","1","1","4","3","בדירת שותפות","חברה סיפרה לי על החוויה שלה מהשירות לאומי.",NA,NA,NA,NA,NA,NA,NA,NA,NA,NA,NA,NA,NA,NA,NA,NA,NA,NA,NA,NA,NA,NA,NA,NA,NA,NA,NA,NA,NA,NA,NA,NA,NA,NA,NA,NA,NA,NA,NA,NA,NA,NA
"6/20/2023 2:20","6/20/2023 2:23","0","89.138.164.202","100","180","1","6/20/2023 2:23","R_3hcMCWwOXcXHiCD",NA,NA,NA,NA,"31.7674","35.2186","anonymous","HE","353","1","2","5","1","בבית כשהוא קרא מייל","בעי קיבל תשובה שלילית לגבי המיונים שלו ללימודי רפואה לאוניברסיטת באר שבע. הוא היה עצוב ומבואס כי מאוד חיכה להתקבל לשם. ראיתי עליו גם שהוא חש תסכול וייאוש כי הוא כבר שנה שנייה מנסה להתקבל לשם.",5,3,3,2,2,1,5,2,NA,NA,NA,NA,NA,NA,NA,NA,NA,NA,NA,NA,NA,NA,NA,NA,NA,NA,NA,NA,NA,NA,NA,NA,NA,NA,NA,NA,NA,NA,"4",3,NA,NA
"6/20/2023 6:06","6/20/2023 6:08","0","132.70.66.9","100","111","1","6/20/2023 6:08","R_2R1ELWHP1HTueGF",NA,NA,NA,NA,"32.0759","34.8215","anonymous","HE","7175","2",NA,NA,NA,NA,NA,NA,NA,NA,NA,NA,NA,NA,NA,"1","4","1","בקמפוס","חברה הייתה צריכה להציג משהו בכיתה והלך לה טוב",5,4,1,1,2,2,4,1,NA,NA,NA,NA,NA,NA,NA,NA,NA,NA,NA,NA,NA,NA,NA,NA,NA,"1",NA,2.5714285714285716,NA
"6/20/2023 6:07","6/20/2023 6:11","0","46.19.85.188","100","224","1","6/20/2023 6:11","R_DTfDpKOJRLCXLqh",NA,NA,NA,NA,"32.0803","34.7805","anonymous","HE","7225","2",NA,NA,NA,NA,NA,NA,NA,NA,NA,NA,NA,NA,NA,"3","4","1","אצלו בבית","הוא ניהל תקיפה כנגד אדם שתקף אותו, וזכה בסכום כסף יפה. הוא חש שמחה אך גם עצבות וכעס, שכן הסכום שקיבל הוא לא הסכום שציפה",4,3,1,4,2,3,3,2,NA,NA,NA,NA,NA,NA,NA,NA,NA,NA,NA,NA,NA,NA,NA,NA,NA,"1",NA,2.857142857142857,NA
"6/20/2023 6:09","6/20/2023 6:11","0","176.12.183.115","100","119","1","6/20/2023 6:11","R_3qP8tONConB028S",NA,NA,NA,NA,"32.0803","34.7805","anonymous","HE","1880","3",NA,NA,NA,NA,NA,NA,NA,NA,NA,NA,NA,NA,NA,NA,NA,NA,NA,NA,NA,NA,NA,NA,NA,NA,NA,NA,"1","כפר סבא","הלכתי למדוד שמלת כלה. התלבטתי מאוד",4,2,3,4,3,3,4,3,2,1,4,2,2,5,"1",NA,NA,3
"6/20/2023 6:03","6/20/2023 6:18","0","217.175.86.94","100","937","1","6/20/2023 6:18","R_29uHJPJQeE7UUzk",NA,NA,NA,NA,"31.7674","35.2186","anonymous","HE","3983","3",NA,NA,NA,NA,NA,NA,NA,NA,NA,NA,NA,NA,NA,NA,NA,NA,NA,NA,NA,NA,NA,NA,NA,NA,NA,NA,"1","במשרד","ישבתי לשיחה עם מישהו שעתיד להתגייס ליחידה שבה שירתתי.",4,4,5,5,3,5,5,3,4,3,4,5,4,5,"2",NA,NA,4.214285714285714
"6/20/2023 6:16","6/20/2023 6:20","0","37.60.47.186","100","259","1","6/20/2023 6:20","R_Avw1wORosfIZihz",NA,NA,NA,NA,"31.7674","35.2186","anonymous","HE","3756","3",NA,NA,NA,NA,NA,NA,NA,NA,NA,NA,NA,NA,NA,NA,NA,NA,NA,NA,NA,NA,NA,NA,NA,NA,NA,NA,"1","בבית","הצלחתי להבין משהוא שהתחבטתי בו הרבה זמן במתמתיקה. התחושה שלי היתה שהבנתי דבר חדש, אך לא הייתי יכול להסביר לעצמי מה היתה הבעיה שהיתה לי קודם לכן.",4,4,4,3,1,3,3,3,2,3,1,4,4,4,"2",NA,NA,3.0714285714285716
"6/20/2023 6:45","6/20/2023 6:46","0","109.253.201.159","100","100","1","6/20/2023 6:46","R_3qxNEil1Bi8cGyP",NA,NA,NA,NA,"32.0759","34.8215","anonymous","HE","2823","1,2","1","3","2","אוניברסיטה","חברה נכשלה בבוחן ,האמת נראה שהיא לא לקחה את זה קשה מידי, אבל כן הייתה מבואסת",4,4,1,3,2,2,3,1,NA,NA,NA,NA,NA,NA,NA,NA,NA,NA,NA,NA,NA,NA,NA,NA,NA,NA,NA,NA,NA,NA,NA,NA,NA,NA,NA,NA,NA,NA,"2",2.5714285714285716,NA,NA
"6/20/2023 6:58","6/20/2023 7:01","0","147.235.192.210","100","172","1","6/20/2023 7:01","R_1ibxXiGiRGV6Ndz",NA,NA,NA,NA,"32.0803","34.7805","anonymous","HE","7302","2",NA,NA,NA,NA,NA,NA,NA,NA,NA,NA,NA,NA,NA,"1","3","2","בלימודים","חבר סגר לעצמו דירה לשנה הבאה הוא התרגש, שמח והרגיש הקלה",4,3,2,2,2,1,2,1,NA,NA,NA,NA,NA,NA,NA,NA,NA,NA,NA,NA,NA,NA,NA,NA,NA,"2",NA,2.142857142857143,NA
"6/20/2023 7:20","6/20/2023 7:22","0","104.28.60.70","100","116","1","6/20/2023 7:22","R_z7LHvnbkrfBnWJX",NA,NA,NA,NA,"32.0803","34.7805","anonymous","HE","1441","2",NA,NA,NA,NA,NA,NA,NA,NA,NA,NA,NA,NA,NA,"5","1","1","אוניברסיטה","הופעה, הופיעה מול קהל שלם",1,1,1,1,2,4,3,1,NA,NA,NA,NA,NA,NA,NA,NA,NA,NA,NA,NA,NA,NA,NA,NA,NA,"2",NA,1.7142857142857142,NA
"6/20/2023 7:44","6/20/2023 7:46","0","176.12.195.28","100","143","1","6/20/2023 7:46","R_9HxKi2cbJrUId3j",NA,NA,NA,NA,"32.0803","34.7805","anonymous","HE","5695","1","2","5","2","בטלפון","היה פיגוע בישוב של הארוס שלי.",NA,NA,NA,NA,NA,NA,NA,NA,NA,NA,NA,NA,NA,NA,NA,NA,NA,NA,NA,NA,NA,NA,NA,NA,NA,NA,NA,NA,NA,NA,NA,NA,NA,NA,NA,NA,NA,NA,NA,NA,NA,NA
"6/20/2023 7:50","6/20/2023 7:58","0","5.144.62.50","100","506","1","6/20/2023 7:58","R_tSrKZMpQLHHTyrn",NA,NA,NA,NA,"32.1678","34.8205","anonymous","HE","8907","1","5","1","1","בים","מישהו צעק על ילד שירד לו גל, הילד הרגיש נבוך ולא נעים, יצא מהמים",4,4,4,4,2,2,4,1,NA,NA,NA,NA,NA,NA,NA,NA,NA,NA,NA,NA,NA,NA,NA,NA,NA,NA,NA,NA,NA,NA,NA,NA,NA,NA,NA,NA,NA,NA,"1",3.2857142857142856,NA,NA
"6/20/2023 8:31","6/20/2023 8:32","0","2.54.175.228","100","80","1","6/20/2023 8:32","R_2aDLpE9z67rgTkv",NA,NA,NA,NA,"32.0803","34.7805","anonymous","HE","2567","2",NA,NA,NA,NA,NA,NA,NA,NA,NA,NA,NA,NA,NA,"1","3","1","באוניברסיטה","חברה עשתה מבחן והלך לה ממש טוב, היא הייתה שמחה והרגשה הקלה",2,4,1,2,2,1,2,1,NA,NA,NA,NA,NA,NA,NA,NA,NA,NA,NA,NA,NA,NA,NA,NA,NA,"3",NA,1.8571428571428572,NA
"6/20/2023 8:36","6/20/2023 8:38","0","77.125.24.34","100","72","1","6/20/2023 8:38","R_1l5ISNBoPZEPqWq",NA,NA,NA,NA,"31.9995","34.9482","anonymous","HE","1161","2",NA,NA,NA,NA,NA,NA,NA,NA,NA,NA,NA,NA,NA,"2","5","2","בבית","קנה אופנוע חדש. התרגש מאוד ושמח שסוף סוף זה קרה",3,4,1,2,2,2,3,1,NA,NA,NA,NA,NA,NA,NA,NA,NA,NA,NA,NA,NA,NA,NA,NA,NA,"3",NA,2.2857142857142856,NA
"6/20/2023 8:36","6/20/2023 8:40","0","2.54.175.214","100","186","1","6/20/2023 8:40","R_1FqrqzoFjGWlGWk",NA,NA,NA,NA,"32.0803","34.7805","anonymous","HE","353","2",NA,NA,NA,NA,NA,NA,NA,NA,NA,NA,NA,NA,NA,"3","4","2","במתנ״ס בגבעת שמואל","גיסתי הופיעה מטעם החוג שלה לריקוד. היא השתתפה ב3 ריקודים והייתה מאוד בולטת ומרשימה. היא רקדה ממש יפה וניכר היה שהיא השקיעה מאוד בריקוד במהלך השנה. שמחתי לראות שהיא גם נהנתה מכל החוויה",4,4,1,3,2,2,4,3,NA,NA,NA,NA,NA,NA,NA,NA,NA,NA,NA,NA,NA,NA,NA,NA,NA,"3",NA,3,NA
"6/20/2023 10:46","6/20/2023 10:51","0","147.235.208.77","100","329","1","6/20/2023 10:51","R_3kmPE3tNYHAWoXP",NA,NA,NA,NA,"31.9642","34.7876","anonymous","HE","4401","1","3","5","3","בבית","על הפיגוע המזעזע בעלי. שנינו הרגשנו זעזוע ועצב גדול.",5,5,3,5,2,1,4,3,NA,NA,NA,NA,NA,NA,NA,NA,NA,NA,NA,NA,NA,NA,NA,NA,NA,NA,NA,NA,NA,NA,NA,NA,NA,NA,NA,NA,NA,NA,"2",3.7142857142857144,NA,NA
"6/19/2023 3:54","6/20/2023 11:42","0","2.54.161.101","100","114489","1","6/20/2023 11:42","R_1mUZ2ATfUzdbGVJ",NA,NA,NA,NA,"32.0803","34.7805","anonymous","HE","773","1","1","4","2","באוניברסיטה","חבר מהתואר היה ממש מתוסכל מהמצב הלימודי שלו בפרט בסטטיסטיקה. היה ממש ממורמר והשליך את זה על דברים אחרים",5,3,1,3,2,2,4,1,NA,NA,NA,NA,NA,NA,NA,NA,NA,NA,NA,NA,NA,NA,NA,NA,NA,NA,NA,NA,NA,NA,NA,NA,NA,NA,NA,NA,NA,NA,"3",2.7142857142857144,NA,NA
"6/20/2023 13:07","6/20/2023 13:16","0","77.137.65.141","100","538","1","6/20/2023 13:16","R_eVPKzbDKbGKWaw9",NA,NA,NA,NA,"31.5","34.75","anonymous","HE","4380","1","1","5","3","בבית של החברה","חברה שלי קיבלה תחושה מחברה שלה שמתחתנת וחברה נוספת שיושבת שבעה על אביה, שהיא לא עושה מספיק /תומכת מספיק. היא לקחה את זה ממש קשה ובנוסף לכך שהיא ממש חולה בשפעת הייתה ממש עצובה ומתוסכלת, שהיא מרגישה כל הזמן לא בסדר.",4,3,2,1,2,3,2,1,NA,NA,NA,NA,NA,NA,NA,NA,NA,NA,NA,NA,NA,NA,NA,NA,NA,NA,NA,NA,NA,NA,NA,NA,NA,NA,NA,NA,NA,NA,"3",2.2857142857142856,NA,NA
"6/20/2023 13:15","6/20/2023 13:18","0","2.54.171.238","100","196","1","6/20/2023 13:18","R_esKOnIT8pYxCjHH",NA,NA,NA,NA,"32.1033","34.8879","anonymous","HE","3850","1","1","4","2","באוניבגסיטה","חברה עשתה בוחן ויצאה עם תחושה שהלך לה ממש לא טוב, לדעתי היא הרגישה ממש מבואסת וקצת עצובה",4,5,3,3,2,1,2,1,NA,NA,NA,NA,NA,NA,NA,NA,NA,NA,NA,NA,NA,NA,NA,NA,NA,NA,NA,NA,NA,NA,NA,NA,NA,NA,NA,NA,NA,NA,"2",2.7142857142857144,NA,NA
"6/20/2023 14:10","6/20/2023 14:16","0","77.125.228.199","100","332","1","6/20/2023 14:16","R_2Emoc7l74rymhu2",NA,NA,NA,NA,"32.0123","34.7705","anonymous","HE","8342","3",NA,NA,NA,NA,NA,NA,NA,NA,NA,NA,NA,NA,NA,NA,NA,NA,NA,NA,NA,NA,NA,NA,NA,NA,NA,NA,"3","בבית","רבתי עם אבא שלי בערב אחרי שחזר מהעבודה ונפגעתי ממנו ולכן זה קצת הרס לי את מצב הרוח, הוא כעס עליי בגלל שלא רציתי לעשות מספר דברים שהוא ביקש ממני בהתראה קצרה למרות שהיה לי יום מאוד עמוס וכתוצאה מכך נוצר ריב בינינו",3,3,3,2,2,1,2,3,3,3,2,2,3,3,"1",NA,NA,2.5
"6/20/2023 14:31","6/20/2023 14:38","0","82.166.68.252","100","444","1","6/20/2023 14:38","R_27kbisNl322FpMC",NA,NA,NA,NA,"32.0803","34.7805","anonymous","HE","2583","1,2","4","2","2","באוניברסיטה","במהלך התרגול בסטטיסטיקה המתרגל הסביר משהו שהסטודנט התקשה להבין, הבחור שאל שוב ושוב אבל לא הצליח להבין וזה תסכל אותו ועצבן אותו מאוד(את הסטודנט לא את המתרגל)",5,3,2,3,2,3,3,1,NA,NA,NA,NA,NA,NA,NA,NA,NA,NA,NA,NA,NA,NA,NA,NA,NA,NA,NA,NA,NA,NA,NA,NA,NA,NA,NA,NA,NA,NA,"2",2.857142857142857,NA,NA
"6/20/2023 14:46","6/20/2023 14:48","0","79.180.53.93","100","154","1","6/20/2023 14:48","R_3IZirSidf8uFUBi",NA,NA,NA,NA,"32.0803","34.7805","anonymous","HE","9345","1","2","5","3","בבית","חוסר אונים בעקבות דלקת חמורה , דבר שהשבית אותה ברמת הנזקקות לעזרה בפעולות יום יומיות. אני בטוח שהיא חווה הרגשה של חוסר אונים ועצב מסוים",5,5,5,5,2,1,4,3,NA,NA,NA,NA,NA,NA,NA,NA,NA,NA,NA,NA,NA,NA,NA,NA,NA,NA,NA,NA,NA,NA,NA,NA,NA,NA,NA,NA,NA,NA,"3",4,NA,NA
"6/21/2023 3:41","6/21/2023 3:42","0","87.68.253.135","100","77","1","6/21/2023 3:42","R_3qOolU5MF3wleFv",NA,NA,NA,NA,"32.0803","34.7805","anonymous","HE","773","3",NA,NA,NA,NA,NA,NA,NA,NA,NA,NA,NA,NA,NA,NA,NA,NA,NA,NA,NA,NA,NA,NA,NA,NA,NA,NA,"1","בבית","הרגשתי ממש לא טוב והקאתי",2,1,2,1,1,1,3,1,2,1,5,2,1,1,"2",NA,NA,1.7142857142857142
"6/21/2023 3:42","6/21/2023 3:44","0","147.235.198.111","100","121","1","6/21/2023 3:44","R_29oYILIBJLcgDr6",NA,NA,NA,NA,"32.0803","34.7805","anonymous","HE","2654","3",NA,NA,NA,NA,NA,NA,NA,NA,NA,NA,NA,NA,NA,NA,NA,NA,NA,NA,NA,NA,NA,NA,NA,NA,NA,NA,"1","בבית","חברה התייעצה איתי על מקרה שקרה לה עם חברה אחרת",4,4,4,5,4,4,4,4,3,4,4,2,4,4,"1",NA,NA,3.857142857142857
"6/21/2023 3:42","6/21/2023 3:44","0","46.19.85.188","100","152","1","6/21/2023 3:44","R_1P7uuhfF2IEouV8",NA,NA,NA,NA,"32.0803","34.7805","anonymous","HE","7225","3",NA,NA,NA,NA,NA,NA,NA,NA,NA,NA,NA,NA,NA,NA,NA,NA,NA,NA,NA,NA,NA,NA,NA,NA,NA,NA,"1","בעבודה","האירוע הכי משמעותי שהיה לי היום. זה שניצחתי בתביעה, וזכיתי בסכום כסף קטן.",4,4,4,4,4,3,2,2,4,5,4,5,5,4,"1",NA,NA,3.857142857142857
"6/21/2023 3:56","6/21/2023 3:58","0","77.125.24.34","100","94","1","6/21/2023 3:58","R_yUsugj5wAX8cX7z",NA,NA,NA,NA,"31.9995","34.9482","anonymous","HE","1161","2",NA,NA,NA,NA,NA,NA,NA,NA,NA,NA,NA,NA,NA,"1","5","2","בטלפון","קרה לה משהו טוב בלימודים והיא ממש שמחה והיא התקשרה לספר לי כדי לפרוק את השמחה שלה",3,3,1,1,2,1,3,1,NA,NA,NA,NA,NA,NA,NA,NA,NA,NA,NA,NA,NA,NA,NA,NA,NA,"2",NA,1.8571428571428572,NA
"6/21/2023 3:58","6/21/2023 4:00","0","147.235.192.210","100","115","1","6/21/2023 4:00","R_2ZE3Eff7m25NPtj",NA,NA,NA,NA,"32.0803","34.7805","anonymous","HE","7302","3",NA,NA,NA,NA,NA,NA,NA,NA,NA,NA,NA,NA,NA,NA,NA,NA,NA,NA,NA,NA,NA,NA,NA,NA,NA,NA,"4","לא יצאתי מהחדר…","אני בזון של למידה… לא הייתה לי אינטראקציה עם אנשים",3,3,2,2,2,2,2,2,3,4,2,2,2,2,"3",NA,NA,2.357142857142857
"6/21/2023 4:13","6/21/2023 4:15","0","104.28.60.70","100","152","1","6/21/2023 4:15","R_3NFkgJr2Hi2ETfI",NA,NA,NA,NA,"32.0803","34.7805","anonymous","HE","1441","2",NA,NA,NA,NA,NA,NA,NA,NA,NA,NA,NA,NA,NA,"3","5","1","בבית","אורחים , הרגישו שמחים",4,4,1,3,2,4,4,2,NA,NA,NA,NA,NA,NA,NA,NA,NA,NA,NA,NA,NA,NA,NA,NA,NA,"2",NA,3.142857142857143,NA
"6/20/2023 6:18","6/21/2023 4:16","0","77.137.67.150","100","79085","1","6/21/2023 4:16","R_3L14qwCvYw9QxBw",NA,NA,NA,NA,"31.5","34.75","anonymous","HE","2460","2",NA,NA,NA,NA,NA,NA,NA,NA,NA,NA,NA,NA,NA,"3","5","1","בבית שלנו","אחותי הקטנה חזרה מהצבא בהפתעה, היא שמחה להיות בבית והלכה לים עם חברות במקום להיות בצבא",4,4,1,2,2,1,3,2,NA,NA,NA,NA,NA,NA,NA,NA,NA,NA,NA,NA,NA,NA,NA,NA,NA,"2",NA,2.4285714285714284,NA
"6/21/2023 4:24","6/21/2023 4:26","0","2.54.173.149","100","152","1","6/21/2023 4:27","R_2v1y90oeEEW0qXz",NA,NA,NA,NA,"32.0803","34.7805","anonymous","HE","2567","2",NA,NA,NA,NA,NA,NA,NA,NA,NA,NA,NA,NA,NA,"1","4","1","באוניברסיטה","באתי בבוקר לכיתה, וחברתי הטובה בישרה לי כי היום היא חוגגת את יום הולדתה. היא הייתה שמחה ואפילו דמעה מהתרגשות כשסיפרה לי על המשמעות של יום הולדת בשבילה.",4,5,1,4,2,1,4,2,NA,NA,NA,NA,NA,NA,NA,NA,NA,NA,NA,NA,NA,NA,NA,NA,NA,"3",NA,3,NA
"6/21/2023 4:57","6/21/2023 4:59","0","109.253.215.6","100","63","1","6/21/2023 4:59","R_32XcR5TGr857JxJ",NA,NA,NA,NA,"32.0759","34.8215","anonymous","HE","1880","2",NA,NA,NA,NA,NA,NA,NA,NA,NA,NA,NA,NA,NA,"1","4","1","אוניברסיטה","יום הולדת, התרגשה מהמעמד והמתנות",2,4,1,3,2,3,4,3,NA,NA,NA,NA,NA,NA,NA,NA,NA,NA,NA,NA,NA,NA,NA,NA,NA,"1",NA,2.857142857142857,NA
"6/21/2023 5:13","6/21/2023 5:22","0","46.19.86.147","100","519","1","6/21/2023 5:22","R_1K72vtBoSPUdPjp",NA,NA,NA,NA,"32.0803","34.7805","anonymous","HE","3983","2",NA,NA,NA,NA,NA,NA,NA,NA,NA,NA,NA,NA,NA,"1","4","2","קופיטיים בקמפוס","חבר נפגש עם מכרה שלא ראה תקופה. הוא חווה תחושת אושר, ונינוחות מתרגשת.",3,2,2,2,2,3,2,1,NA,NA,NA,NA,NA,NA,NA,NA,NA,NA,NA,NA,NA,NA,NA,NA,NA,"2",NA,2.142857142857143,NA
"6/21/2023 5:46","6/21/2023 5:50","0","93.173.71.78","100","218","1","6/21/2023 5:50","R_1ODzwtMUsoLQqNW",NA,NA,NA,NA,"32.1033","34.8879","anonymous","HE","353","2",NA,NA,NA,NA,NA,NA,NA,NA,NA,NA,NA,NA,NA,"2","5","1","במסעדה","יצאנו למסעדה בבוקר לנקות את הראש מכל הלימודים. ממש נהנינו יחד. עומר קיבל שיחת טלפון מחבר שהיה צריך את עזרתו והוא עזר לו ממש. הוא שמח על ההזדמנות ועל כך שבאמת הצליח לעזור לו.",2,2,1,3,2,2,2,1,NA,NA,NA,NA,NA,NA,NA,NA,NA,NA,NA,NA,NA,NA,NA,NA,NA,"2",NA,1.8571428571428572,NA
"6/21/2023 5:59","6/21/2023 6:02","0","109.186.48.179","100","170","1","6/21/2023 6:02","R_sNkCm8MShIgplpD",NA,NA,NA,NA,"32.0803","34.7805","anonymous","HE","7175","3",NA,NA,NA,NA,NA,NA,NA,NA,NA,NA,NA,NA,NA,NA,NA,NA,NA,NA,NA,NA,NA,NA,NA,NA,NA,NA,"1","בבית","קיבלתי בשורה על מישהי ששנים מנסה להיכנס להיריון וב""ה נקלטה",4,4,5,4,4,3,5,2,4,3,5,2,5,5,"2",NA,NA,3.9285714285714284
"6/21/2023 7:51","6/21/2023 7:54","0","147.235.198.174","100","238","1","6/21/2023 7:55","R_2UaZJzxQ33W1AUr",NA,NA,NA,NA,"31.7674","35.2186","anonymous","HE","3756","1","5","1","2","אוטובוס","התיישב ליד האדם הזה אדם לא נעים, שניסה לדבר איתו בכוח ולא הרפה. אותו אדם הרגיש חוסר אונים ומועקה מכיוון שלא היה מקום אחר להתיישב בו.",4,3,3,2,2,1,1,3,NA,NA,NA,NA,NA,NA,NA,NA,NA,NA,NA,NA,NA,NA,NA,NA,NA,NA,NA,NA,NA,NA,NA,NA,NA,NA,NA,NA,NA,NA,"3",2.4285714285714284,NA,NA
"6/21/2023 9:03","6/21/2023 9:06","0","132.70.66.9","100","172","1","6/21/2023 9:06","R_2f0xnY5vnUn7GiP",NA,NA,NA,NA,"32.0759","34.8215","anonymous","HE","9790","2",NA,NA,NA,NA,NA,NA,NA,NA,NA,NA,NA,NA,NA,"1","4","2","בקמפוס האוניברסיטה","חברה שלי הפתיעה אותי באמצע הקמפוס עם עוגה לכבוד יום הולדתי. הייתי מופתעת ממש ואני חושבת שהיא ממש התרגשה ושמחה שהיא ככה שימחה אותי",3,5,3,5,2,1,5,4,NA,NA,NA,NA,NA,NA,NA,NA,NA,NA,NA,NA,NA,NA,NA,NA,NA,"2",NA,3.7142857142857144,NA
"6/21/2023 7:06","6/21/2023 9:13","0","176.12.145.198","100","7645","1","6/21/2023 9:13","R_r24fg4x0aYVN8ul",NA,NA,NA,NA,"32.1033","34.8879","anonymous","HE","2823","1,2","1","4","1","בדירה","חברה הגיעה אחרי נסיעה, הייתה עייפה נורא וחסרת חשק מוטיבציה לעשות כלום",3,2,3,3,2,3,3,1,NA,NA,NA,NA,NA,NA,NA,NA,NA,NA,NA,NA,NA,NA,NA,NA,NA,NA,NA,NA,NA,NA,NA,NA,NA,NA,NA,NA,NA,NA,"2",2.5714285714285716,NA,NA
"6/21/2023 11:28","6/21/2023 11:29","0","147.236.231.226","100","98","1","6/21/2023 11:29","R_1CKeQDoAixvBUJR",NA,NA,NA,NA,NA,NA,"anonymous","HE","8907","2",NA,NA,NA,NA,NA,NA,NA,NA,NA,NA,NA,NA,NA,"5","1","1","בית אבות","הלכנו מהעבודה להתנדב בבית אבות והיה אפשר לראות שהזקנים נהנו",2,2,1,2,2,4,1,1,NA,NA,NA,NA,NA,NA,NA,NA,NA,NA,NA,NA,NA,NA,NA,NA,NA,"1",NA,1.8571428571428572,NA
"6/21/2023 11:44","6/21/2023 11:46","0","147.235.208.77","100","92","1","6/21/2023 11:46","R_1eDKvlieHCf75LK",NA,NA,NA,NA,"31.9642","34.7876","anonymous","HE","4401","2",NA,NA,NA,NA,NA,NA,NA,NA,NA,NA,NA,NA,NA,"1","3","3","ברחוב","הפתעה קלה, שמחה.",5,4,1,4,2,1,4,2,NA,NA,NA,NA,NA,NA,NA,NA,NA,NA,NA,NA,NA,NA,NA,NA,NA,"2",NA,3,NA
"6/21/2023 12:07","6/21/2023 12:08","0","147.235.194.118","100","103","1","6/21/2023 12:08","R_2V3Vm1wEfnGdSkp",NA,NA,NA,NA,"32.0803","34.7805","anonymous","HE","3850","1","3","5","2","ברחוב","בת משפחה עשתה תאונה קטנה וצעקו עליה והיא היתה עצובה",5,4,5,4,2,1,4,3,NA,NA,NA,NA,NA,NA,NA,NA,NA,NA,NA,NA,NA,NA,NA,NA,NA,NA,NA,NA,NA,NA,NA,NA,NA,NA,NA,NA,NA,NA,"2",3.7142857142857144,NA,NA
"6/21/2023 13:32","6/21/2023 13:34","0","95.86.120.210","100","152","1","6/21/2023 13:34","R_1mLvpVXqUR5ulge",NA,NA,NA,NA,"31.8748","34.9906","anonymous","HE","5695","1","3","5","2","בבית","אמא שלי הגיעה גמורה מהעבודה ולא הרגישה טוב בכלל. אני חושבת שהיא הרגישה תסכול, עצוב, כעס על עצמה שהיא נחה ולא עושה עוד דברים.",5,5,3,3,2,1,4,1,NA,NA,NA,NA,NA,NA,NA,NA,NA,NA,NA,NA,NA,NA,NA,NA,NA,NA,NA,NA,NA,NA,NA,NA,NA,NA,NA,NA,NA,NA,"3",3.142857142857143,NA,NA
"6/21/2023 13:38","6/21/2023 13:43","0","77.125.228.199","100","303","1","6/21/2023 13:43","R_aXBEt7XkFSfX7jP",NA,NA,NA,NA,"32.0123","34.7705","anonymous","HE","8342","2",NA,NA,NA,NA,NA,NA,NA,NA,NA,NA,NA,NA,NA,"3","5","2","אח שלי עבר שלב במשחק שהוא ניסה לעבור כבר הרבה זמן. ראיתי שהוא מאוד שמח מהסיטואציה","אח שלי משחק הרבה במחשב, כמה שעות כל יום לפחות. היה שלב במשחק שהוא הסביר לי לפני שבוע שהוא מנסה כבר תקופה לעבור, והיום הוא הצליח לעבור אותו והיה נראה שהוא מאוד מתלהב ושמח מכך. לדעתי הוא הרגיש גאה בעצמו",3,4,1,2,2,3,2,1,NA,NA,NA,NA,NA,NA,NA,NA,NA,NA,NA,NA,NA,NA,NA,NA,NA,"1",NA,2.2857142857142856,NA
"6/21/2023 14:10","6/21/2023 14:12","0","147.235.198.96","100","121","1","6/21/2023 14:12","R_2AFgK4lU9vOG4df",NA,NA,NA,NA,"32.0803","34.7805","anonymous","HE","9345","1","3","5","2","אוניברסיטה פתוחה","כשלון במבחן",NA,NA,NA,NA,NA,NA,NA,NA,NA,NA,NA,NA,NA,NA,NA,NA,NA,NA,NA,NA,NA,NA,NA,NA,NA,NA,NA,NA,NA,NA,NA,NA,NA,NA,NA,NA,NA,NA,NA,NA,NA,NA
"6/21/2023 14:27","6/21/2023 14:35","0","82.166.68.252","100","514","1","6/21/2023 14:35","R_3mgUnN8rr5npqni",NA,NA,NA,NA,"32.0803","34.7805","anonymous","HE","2583","3",NA,NA,NA,NA,NA,NA,NA,NA,NA,NA,NA,NA,NA,NA,NA,NA,NA,NA,NA,NA,NA,NA,NA,NA,NA,NA,"3","בבית","התחלתי התנדבות באיזה ארגון, וזה היה אחרי הכשרה יחסית ארוכה וחיכיתי לזה הרבה זמן והיה בסך הכל טוב",4,4,4,4,3,2,3,4,4,4,2,4,3,4,"3",NA,NA,3.5
"6/21/2023 17:48","6/21/2023 17:51","0","5.29.18.148","100","175","1","6/21/2023 17:51","R_1BJDDBQLe3oYnol",NA,NA,NA,NA,"32.0803","34.7805","anonymous","HE","4380","2",NA,NA,NA,NA,NA,NA,NA,NA,NA,NA,NA,NA,NA,"1","5","3","במקום העבודה שלנו, בגואט בתל אביב","חברה שלי עשתה שיחה עם המנהלים והם אישרו לה להיכנס לבר, שזה אומר שתעבוד הרבה יותר שעות, תרוויח יותר כסף בכולל והעבודה יותר חווייתית. היא ממש שמחה, הרגישה סיפוק והערכה.",4,4,1,4,2,2,3,1,NA,NA,NA,NA,NA,NA,NA,NA,NA,NA,NA,NA,NA,NA,NA,NA,NA,"3",NA,2.7142857142857144,NA
"6/22/2023 10:18","6/22/2023 10:20","0","89.138.132.195","100","88","1","6/22/2023 10:20","R_2R9Bv5JmIu0GgfM",NA,NA,NA,NA,"32.0803","34.7805","anonymous","HE","1161","1","1","5","2","בטלפון","לחברה היה מבחן והלך ממש לא טוב, התבאסה והרגישה ייאוש ושיתפה אותי",4,3,2,3,2,2,3,1,NA,NA,NA,NA,NA,NA,NA,NA,NA,NA,NA,NA,NA,NA,NA,NA,NA,NA,NA,NA,NA,NA,NA,NA,NA,NA,NA,NA,NA,NA,"3",2.5714285714285716,NA,NA
"6/22/2023 10:17","6/22/2023 10:20","0","147.235.198.174","100","148","1","6/22/2023 10:20","R_2R36MyKa5lGjiYC",NA,NA,NA,NA,"31.7674","35.2186","anonymous","HE","3756","2",NA,NA,NA,NA,NA,NA,NA,NA,NA,NA,NA,NA,NA,"3","4","2","במסעדה","האירוע היה חגיגת שני תארים שאדם אהוב קיבל. האדם היה האבא שהתמוגג מרוב נחת מההישגים של בתו.",4,2,3,3,2,3,2,2,NA,NA,NA,NA,NA,NA,NA,NA,NA,NA,NA,NA,NA,NA,NA,NA,NA,"3",NA,2.7142857142857144,NA
"6/22/2023 10:21","6/22/2023 10:24","0","2.54.68.188","100","156","1","6/22/2023 10:24","R_ULukTyxDPU94Kpb",NA,NA,NA,NA,"32.0803","34.7805","anonymous","HE","9790","1,2","4","2","2","בבית של חברה","הייתי בבית של חברתי, ששמרה על אחיינית שלה שבת כשנה. אחיינית שלה בכתה ובכתה, הייתה עייפה והיה לה לא נוח הרבה זמן",4,4,5,3,2,3,4,4,NA,NA,NA,NA,NA,NA,NA,NA,NA,NA,NA,NA,NA,NA,NA,NA,NA,NA,NA,NA,NA,NA,NA,NA,NA,NA,NA,NA,NA,NA,"1",3.857142857142857,NA,NA
"6/22/2023 10:27","6/22/2023 10:29","0","176.12.136.197","100","134","1","6/22/2023 10:29","R_2YENaMOCwczmNkQ",NA,NA,NA,NA,"31.9642","34.7876","anonymous","HE","1880","2",NA,NA,NA,NA,NA,NA,NA,NA,NA,NA,NA,NA,NA,"2","4","2","פארק","הרגיש שהוא שמח במה שיש לו",4,4,1,4,2,2,4,2,NA,NA,NA,NA,NA,NA,NA,NA,NA,NA,NA,NA,NA,NA,NA,NA,NA,"1",NA,3,NA
"6/22/2023 11:07","6/22/2023 11:10","0","5.144.62.50","100","172","1","6/22/2023 11:10","R_2ttIM0POuf6FDbR",NA,NA,NA,NA,"32.1678","34.8205","anonymous","HE","8907","3",NA,NA,NA,NA,NA,NA,NA,NA,NA,NA,NA,NA,NA,NA,NA,NA,NA,NA,NA,NA,NA,NA,NA,NA,NA,NA,"4","לא קרה אירוע, הייתי כל היום בבית","לא קרה שום אירוע, הייתי כל היום בבית",1,3,1,1,1,1,1,3,1,4,1,1,2,1,"4",NA,NA,1.5714285714285714
"6/21/2023 4:16","6/22/2023 11:20","0","2.53.171.159","100","111832","1","6/22/2023 11:20","R_3FOidukcuDawK6X",NA,NA,NA,NA,"32.0803","34.7805","anonymous","HE","2460","2",NA,NA,NA,NA,NA,NA,NA,NA,NA,NA,NA,NA,NA,"5","1","2","מגרש חנייה בהרצליה","הוא קיבל הודעה משמחת בטלפון על איזו עסקה שהוא חיכה לסגור",3,3,3,2,2,2,3,1,NA,NA,NA,NA,NA,NA,NA,NA,NA,NA,NA,NA,NA,NA,NA,NA,NA,"2",NA,2.4285714285714284,NA
"6/22/2023 11:20","6/22/2023 11:21","0","147.235.198.111","100","86","1","6/22/2023 11:21","R_cITRSsxEk1DK921",NA,NA,NA,NA,"32.0803","34.7805","anonymous","HE","2654","2",NA,NA,NA,NA,NA,NA,NA,NA,NA,NA,NA,NA,NA,"1","4","3","במרכז העיר","חברה שלי התארסה היום לדעתי היא מאוד התרגשה כי חיכתה לזה הרבה זמן",2,5,1,3,2,1,4,2,NA,NA,NA,NA,NA,NA,NA,NA,NA,NA,NA,NA,NA,NA,NA,NA,NA,"2",NA,2.5714285714285716,NA
"6/22/2023 11:22","6/22/2023 11:25","0","147.235.198.96","100","151","1","6/22/2023 11:25","R_2YJ2ciU1K60i6cV",NA,NA,NA,NA,"32.0803","34.7805","anonymous","HE","9345","2",NA,NA,NA,NA,NA,NA,NA,NA,NA,NA,NA,NA,NA,"4","2","3","בביתה","חגיגות יום הולדת",NA,NA,NA,NA,NA,NA,NA,NA,NA,NA,NA,NA,NA,NA,NA,NA,NA,NA,NA,NA,NA,NA,NA,NA,NA,NA,NA,NA,NA
"6/22/2023 11:25","6/22/2023 11:27","0","172.225.116.228","100","137","1","6/22/2023 11:27","R_25NHE3Ks7u01uhx",NA,NA,NA,NA,"32.0803","34.7805","anonymous","HE","1441","2",NA,NA,NA,NA,NA,NA,NA,NA,NA,NA,NA,NA,NA,"1","4","2","מספרה","חבר סיפר אותי, אחרי הרבה זמן שהוא אמא לי לבוא להסתפר",4,4,1,3,2,1,4,1,NA,NA,NA,NA,NA,NA,NA,NA,NA,NA,NA,NA,NA,NA,NA,NA,NA,"3",NA,2.5714285714285716,NA
"6/22/2023 11:55","6/22/2023 11:57","0","2.53.25.71","100","114","1","6/22/2023 11:57","R_3Rqn5fydlpJQaN2",NA,NA,NA,NA,"32.0803","34.7805","anonymous","HE","7302","2",NA,NA,NA,NA,NA,NA,NA,NA,NA,NA,NA,NA,NA,"3","5","3","בבית הספר שלו","אח שלי סיים כיתה ו היום. הוא התרגש מאוד ושמח ובאותו זמן חש קצת עצבות שהוא לא חוזר לכאן שנה הבאה. אבל הוא התגאה בעצמו ממש",3,5,1,5,2,1,5,1,NA,NA,NA,NA,NA,NA,NA,NA,NA,NA,NA,NA,NA,NA,NA,NA,NA,"2",NA,3,NA
"6/22/2023 12:00","6/22/2023 12:03","0","2.54.185.140","100","207","1","6/22/2023 12:03","R_TdOMemjzrqeS6hr",NA,NA,NA,NA,"32.0803","34.7805","anonymous","HE","3850","1","1","3","2","באוניברסיטה","חברה היתה צריכה לדבר על משהו שלא רצתה כלכך עם מרצה והיתה ממש בלחץ. לדעתי היא הרגישה לחץ רב",4,3,4,1,2,1,4,2,NA,NA,NA,NA,NA,NA,NA,NA,NA,NA,NA,NA,NA,NA,NA,NA,NA,NA,NA,NA,NA,NA,NA,NA,NA,NA,NA,NA,NA,NA,"2",2.7142857142857144,NA,NA
"6/22/2023 12:46","6/22/2023 12:49","0","77.125.228.199","100","165","1","6/22/2023 12:49","R_3MmbZqwLczsiNq5",NA,NA,NA,NA,"32.0123","34.7705","anonymous","HE","8342","2",NA,NA,NA,NA,NA,NA,NA,NA,NA,NA,NA,NA,NA,"1","4","1","באוניברסיטה","חברה שלי מהאוניברסיטה דיברה בטלפון עם בן זוגה, והוא אמר לה שהם טסים יחד לחופשה בדובאי ושהוא סגר הכל. היא מאוד שמחה והתלהבה מכך",2,4,3,2,2,2,4,2,NA,NA,NA,NA,NA,NA,NA,NA,NA,NA,NA,NA,NA,NA,NA,NA,NA,"1",NA,2.7142857142857144,NA
"6/22/2023 13:31","6/22/2023 13:32","0","46.19.85.188","100","93","1","6/22/2023 13:32","R_R8HBGdKaDDD43lL",NA,NA,NA,NA,"32.0803","34.7805","anonymous","HE","7225","3",NA,NA,NA,NA,NA,NA,NA,NA,NA,NA,NA,NA,NA,NA,NA,NA,NA,NA,NA,NA,NA,NA,NA,NA,NA,NA,"1","בבית","קיבלתי גזר דין על משפט שהייתי התובע בו, הגזר דין מקל מאוד ולכן אני עצבני, מאוכזב וכועס.",4,2,4,4,3,3,3,2,5,5,4,4,5,4,"2",NA,NA,3.7142857142857144
"6/22/2023 13:39","6/22/2023 13:42","0","176.12.182.246","100","124","1","6/22/2023 13:42","R_7TyfUuqgfJRhuxz",NA,NA,NA,NA,"32.0759","34.8215","anonymous","HE","2823","1,2","3","5","3","בבית","אח שלי רצה לקחת את האוטו עם חברים, אבל האוטו היה תפוס אז הוא התאכזב .",4,3,2,3,2,2,4,1,NA,NA,NA,NA,NA,NA,NA,NA,NA,NA,NA,NA,NA,NA,NA,NA,NA,NA,NA,NA,NA,NA,NA,NA,NA,NA,NA,NA,NA,NA,"2",2.7142857142857144,NA,NA
"6/22/2023 14:41","6/22/2023 14:44","0","109.253.192.86","100","161","1","6/22/2023 14:44","R_r6o09y0oGsoWi6l",NA,NA,NA,NA,"32.0803","34.7805","anonymous","HE","7175","2",NA,NA,NA,NA,NA,NA,NA,NA,NA,NA,NA,NA,NA,"3","5","3","בבית","היה לאחי המון מטלות להגיש עד 12 והוא הצליח לעמוד בזה והגיש",2,2,3,1,2,5,1,1,NA,NA,NA,NA,NA,NA,NA,NA,NA,NA,NA,NA,NA,NA,NA,NA,NA,"2",NA,2.142857142857143,NA
"6/22/2023 15:17","6/22/2023 15:19","0","81.218.151.107","100","111","1","6/22/2023 15:19","R_2rHqfckJoifUVnb",NA,NA,NA,NA,"32.0243","34.8172","anonymous","HE","353","2",NA,NA,NA,NA,NA,NA,NA,NA,NA,NA,NA,NA,NA,"1","3","2","באוניברסיטה","חברה שלי הצליחה לפתור את התרגילים שעשינו בכיתה בשיעור סטטיסטיקה. בעבר היא ממש התקשתה בחומר ולמדנו הרבה ביחד ועכשיו היא נורא שמחה שהיא הצליחה לפתור את התרגילים חברה.",3,3,1,1,2,2,3,1,NA,NA,NA,NA,NA,NA,NA,NA,NA,NA,NA,NA,NA,NA,NA,NA,NA,"3",NA,2,NA
"6/22/2023 16:30","6/22/2023 16:32","0","147.235.193.180","100","106","1","6/22/2023 16:32","R_3L2b3u9pbu7yE79",NA,NA,NA,NA,"31.7674","35.2186","anonymous","HE","3983","2",NA,NA,NA,NA,NA,NA,NA,NA,NA,NA,NA,NA,NA,"3","4","3","בדרך לבית חולים הדסה","הקפצתי את אחותי לבית חולים כי היא חשבה שהיא יולדת. לדעתי היא חוותה המון לחץ והתרגשות של אושר.",2,4,2,4,2,2,4,1,NA,NA,NA,NA,NA,NA,NA,NA,NA,NA,NA,NA,NA,NA,NA,NA,NA,"2",NA,2.7142857142857144,NA
"6/22/2023 17:04","6/22/2023 17:08","0","176.12.136.142","100","272","1","6/22/2023 17:08","R_2Xby6U67u81KeiN",NA,NA,NA,NA,"31.7674","35.2186","anonymous","HE","2583","1,2","3","5","3","בבית של סבתא שלי","היה ויכוח רציני אצלנו במשפחה שגרם לכעס גדול ואמירה של דברים קשים",5,5,3,5,2,1,5,2,NA,NA,NA,NA,NA,NA,NA,NA,NA,NA,NA,NA,NA,NA,NA,NA,NA,NA,NA,NA,NA,NA,NA,NA,NA,NA,NA,NA,NA,NA,"1",3.7142857142857144,NA,NA
"6/22/2023 17:40","6/22/2023 17:43","0","95.86.64.163","100","162","1","6/22/2023 17:43","R_2EvqFW1zKYSp222",NA,NA,NA,NA,"32.0729","34.8481","anonymous","HE","5695","2",NA,NA,NA,NA,NA,NA,NA,NA,NA,NA,NA,NA,NA,"1","5","3","איפה שעשיתי שירות לאומי","חניכים שלי סיימו את הפנימייה שבא גדלו הרבה שנים. אני חושבת שהם הרגישו התרגשות ממש, קצת חשש מההמשך, אבל היו ממש עם רגש של הודיה כלפי כל האנשים שגידלו אותם. היו גאים בעצמם ממש ובתהליך שעברו. שמחו ממש מכל האירוע המיוחד והמרגש ומכל המתנות והאנשים שבאו בשבילם.",3,5,1,5,2,1,5,1,NA,NA,NA,NA,NA,NA,NA,NA,NA,NA,NA,NA,NA,NA,NA,NA,NA,"2",NA,3,NA
"6/22/2023 19:11","6/22/2023 19:14","0","85.65.187.58","100","162","1","6/22/2023 19:14","R_2w0pWV4SpHGzZtb",NA,NA,NA,NA,"32.0803","34.7805","anonymous","HE","4401","1","1","5","3","ברכב","שכח להביא משהו לטיול וחש כעס",4,2,2,2,2,3,2,3,NA,NA,NA,NA,NA,NA,NA,NA,NA,NA,NA,NA,NA,NA,NA,NA,NA,NA,NA,NA,NA,NA,NA,NA,NA,NA,NA,NA,NA,NA,"2",2.5714285714285716,NA,NA
"6/23/2023 0:41","6/23/2023 0:43","0","2.54.171.48","100","74","1","6/23/2023 0:43","R_1Lor8X3EqhppK5l",NA,NA,NA,NA,"32.0803","34.7805","anonymous","HE","773","2",NA,NA,NA,NA,NA,NA,NA,NA,NA,NA,NA,NA,NA,"1","4","1","בבית קפה","התחילו עם חברה שלי בבית קפה ישבנו והיא הוחמאה מאוד",3,4,3,3,2,1,4,1,NA,NA,NA,NA,NA,NA,NA,NA,NA,NA,NA,NA,NA,NA,NA,NA,NA,"1",NA,2.7142857142857144,NA
"6/23/2023 2:28","6/23/2023 2:30","0","2.54.169.46","100","115","1","6/23/2023 2:30","R_2By6OuqNPMjxDQQ",NA,NA,NA,NA,"32.0803","34.7805","anonymous","HE","2567","1","3","5","1","בבית","אח שלי סיפר לי שיש לו פנצ׳ר ברכב ודווקא בזמן הכי גרוע",5,5,4,5,2,1,4,1,NA,NA,NA,NA,NA,NA,NA,NA,NA,NA,NA,NA,NA,NA,NA,NA,NA,NA,NA,NA,NA,NA,NA,NA,NA,NA,NA,NA,NA,NA,"4",3.5714285714285716,NA,NA
"6/23/2023 10:09","6/23/2023 10:13","0","147.236.145.195","100","283","1","6/23/2023 10:13","R_3s6ygLRAvxl49Te",NA,NA,NA,NA,"32.0803","34.7805","anonymous","HE","4380","2",NA,NA,NA,NA,NA,NA,NA,NA,NA,NA,NA,NA,NA,"1","5","1","בירושלים","אבא של שירה חברה שלי ביקש ממנה לנסוע איתו לעזור לו לעצב מחדש את הגינה בחנות מיוחדת בירושלים. כשהגיעו לירושלים הוא עצר איתה ""אצל חבר כדי לאסוף משהו"", וכשעצרו אמר לה ""צאי, בואי לראות את האוטו שלך"". שירה ממש שמחה, התרגשה, חשה הכרת תודה מאוד גדולה.",5,4,2,3,2,2,5,1,NA,NA,NA,NA,NA,NA,NA,NA,NA,NA,NA,NA,NA,NA,NA,NA,NA,"2",NA,3.142857142857143,NA
